height,ts,gap_s,txs,counted_txs,bytes,fullness,fee_speck
637886,1788044256.0,,0,0,0,0.000000,0
637887,1788044262.0,6.0,0,0,0,0.000000,0
637888,1788044268.0,6.0,0,0,0,0.000000,0
637889,1788044274.0,6.0,0,0,0,0.000000,0
637890,1788044280.0,6.0,0,0,0,0.000000,0
637891,1788044286.0,6.0,0,0,0,0.000000,0
637892,1788044292.0,6.0,0,0,0,0.000000,0
637893,1788044298.0,6.0,0,0,0,0.000000,0
637894,1788044304.0,6.0,0,0,0,0.000000,0
637895,1788044310.0,6.0,0,0,0,0.000000,0
637896,1788044316.0,6.0,0,0,0,0.000000,0
637897,1788044322.001,6.000999927520752,0,0,0,0.000000,0
637898,1788044328.0,5.999000072479248,0,0,0,0.000000,0
637899,1788044334.0,6.0,0,0,0,0.000000,0
637900,1788044340.001,6.000999927520752,0,0,0,0.000000,0
637901,1788044346.0,5.999000072479248,0,0,0,0.000000,0
637902,1788044352.0,6.0,0,0,0,0.000000,0
637903,1788044358.0,6.0,0,0,0,0.000000,0
637904,1788044364.0,6.0,0,0,0,0.000000,0
637905,1788044370.0,6.0,0,0,0,0.000000,0
637906,1788044376.0,6.0,0,0,0,0.000000,0
637907,1788044382.0,6.0,0,0,0,0.000000,0
637908,1788044388.0,6.0,0,0,0,0.000000,0
637909,1788044394.001,6.000999927520752,0,0,0,0.000000,0
637910,1788044400.0,5.999000072479248,0,0,0,0.000000,0
637911,1788044406.0,6.0,0,0,0,0.000000,0
637912,1788044424.0,18.0,0,0,0,0.000000,0
637913,1788044430.0,6.0,0,0,0,0.000000,0
637914,1788044436.001,6.000999927520752,0,0,0,0.000000,0
637915,1788044442.0,5.999000072479248,0,0,0,0.000000,0
637916,1788044448.0,6.0,0,0,0,0.000000,0
637917,1788044454.0,6.0,0,0,0,0.000000,0
637918,1788044460.0,6.0,0,0,0,0.000000,0
637919,1788044466.0,6.0,0,0,0,0.000000,0
637920,1788044472.0,6.0,0,0,0,0.000000,0
637921,1788044478.001,6.000999927520752,0,0,0,0.000000,0
637922,1788044484.0,5.999000072479248,0,0,0,0.000000,0
637923,1788044490.0,6.0,0,0,0,0.000000,0
637924,1788044496.0,6.0,0,0,0,0.000000,0
637925,1788044502.001,6.000999927520752,0,0,0,0.000000,0
637926,1788044508.0,5.999000072479248,0,0,0,0.000000,0
637927,1788044514.0,6.0,0,0,0,0.000000,0
637928,1788044520.0,6.0,0,0,0,0.000000,0
637929,1788044526.0,6.0,0,0,0,0.000000,0
637930,1788044532.0,6.0,0,0,0,0.000000,0
637931,1788044538.001,6.000999927520752,9,9,33482,0.033482,9
637932,1788044544.0,5.999000072479248,21,21,78178,0.078178,21
637933,1788044550.001,6.000999927520752,8,8,29782,0.029782,8
637934,1788044556.0,5.999000072479248,9,9,33505,0.033505,9
637935,1788044562.0,6.0,3,3,11169,0.011169,3
637936,1788044568.0,6.0,20,20,74430,0.074430,20
637937,1788044574.0,6.0,10,10,37227,0.037227,10
637938,1788044580.001,6.000999927520752,8,8,29780,0.029780,8
637939,1788044586.0,5.999000072479248,5,5,18615,0.018615,5
637940,1788044592.0,6.0,23,23,85604,0.085604,23
637941,1788044598.0,6.0,3,3,11169,0.011169,3
637942,1788044604.0,6.0,12,12,44674,0.044674,12
637943,1788044610.0,6.0,2,2,7446,0.007446,2
637944,1788044616.0,6.0,22,22,81877,0.081877,22
637945,1788044622.0,6.0,5,5,18614,0.018614,5
637946,1788044628.001,6.000999927520752,11,11,40951,0.040951,11
637947,1788044634.001,6.0,1,1,3722,0.003722,1
637948,1788044640.0,5.999000072479248,11,11,41146,0.041146,11
637949,1788044646.0,6.0,18,18,67011,0.067011,18
637950,1788044652.0,6.0,9,9,33505,0.033505,9
637951,1788044658.0,6.0,7,7,26052,0.026052,7
637952,1788044664.0,6.0,11,11,41375,0.041375,11
637953,1788044670.001,6.000999927520752,18,18,67003,0.067003,18
637954,1788044676.0,5.999000072479248,5,5,18614,0.018614,5
637955,1788044682.0,6.0,8,8,29782,0.029782,8
637956,1788044688.0,6.0,14,14,52106,0.052106,14
637957,1788044694.0,6.0,14,14,52108,0.052108,14
637958,1788044700.0,6.0,10,10,37228,0.037228,10
637959,1788044706.0,6.0,4,4,14892,0.014892,4
637960,1788044712.0,6.0,12,12,44664,0.044664,12
637961,1788044718.0,6.0,18,18,67212,0.067212,18
637962,1788044724.0,6.0,8,8,29783,0.029783,8
637963,1788044730.0,6.0,6,6,22336,0.022336,6
637964,1788044736.0,6.0,16,16,59546,0.059546,16
637965,1788044742.0,6.0,16,16,59779,0.059779,16
637966,1788044748.0,6.0,3,3,11169,0.011169,3
637967,1788044754.0,6.0,11,11,40947,0.040947,11
637968,1788044760.0,6.0,21,21,78153,0.078153,21
637969,1788044766.0,6.0,6,6,22335,0.022335,6
637970,1788044772.001,6.000999927520752,11,11,40950,0.040950,11
637971,1788044778.001,6.0,5,5,18614,0.018614,5
637972,1788044784.0,5.999000072479248,15,15,56040,0.056040,15
637973,1788044790.0,6.0,13,13,48391,0.048391,13
637974,1788044796.0,6.0,10,10,37227,0.037227,10
637975,1788044802.0,6.0,9,9,33494,0.033494,9
637976,1788044808.0,6.0,11,11,40946,0.040946,11
637977,1788044814.0,6.0,18,18,67221,0.067221,18
637978,1788044820.0,6.0,6,6,22337,0.022337,6
637979,1788044826.0,6.0,7,7,26047,0.026047,7
637980,1788044832.001,6.000999927520752,13,13,48391,0.048391,13
637981,1788044838.0,5.999000072479248,18,18,67222,0.067222,18
637982,1788044844.0,6.0,6,6,22336,0.022336,6
637983,1788044850.0,6.0,11,11,41150,0.041150,11
637984,1788044856.0,6.0,5,5,18614,0.018614,5
637985,1788044862.0,6.0,15,15,55835,0.055835,15
637986,1788044868.0,6.0,16,16,59567,0.059567,16
637987,1788044874.0,6.0,7,7,26257,0.026257,7
637988,1788044880.0,6.0,10,10,37228,0.037228,10
637989,1788044886.0,6.0,10,10,37438,0.037438,10
637990,1788044892.0,6.0,14,14,52110,0.052110,14
637991,1788044898.0,6.0,10,10,37218,0.037218,10
637992,1788044904.0,6.0,14,14,52118,0.052118,14
637993,1788044910.0,6.0,6,6,22330,0.022330,6
637994,1788044916.001,6.000999927520752,18,18,66995,0.066995,18
637995,1788044922.0,5.999000072479248,6,6,22337,0.022337,6
637996,1788044928.001,6.000999927520752,14,14,52119,0.052119,14
637997,1788044934.0,5.999000072479248,6,6,22331,0.022331,6
637998,1788044940.0,6.0,15,15,56254,0.056254,15
637999,1788044946.0,6.0,8,8,29781,0.029781,8
638000,1788044952.0,6.0,15,15,55844,0.055844,15
638001,1788044958.001,6.000999927520752,3,3,11169,0.011169,3
638002,1788044964.001,6.0,17,17,63486,0.063486,17
638003,1788044970.0,5.999000072479248,10,10,37228,0.037228,10
638004,1788044976.0,6.0,11,11,40949,0.040949,11
638005,1788044982.001,6.000999927520752,5,5,18615,0.018615,5
638006,1788044988.0,5.999000072479248,18,18,66993,0.066993,18
638007,1788044994.0,6.0,10,10,37226,0.037226,10
638008,1788045000.0,6.0,8,8,29782,0.029782,8
638009,1788045006.0,6.0,8,8,29783,0.029783,8
638010,1788045012.001,6.000999927520752,17,17,63488,0.063488,17
638011,1788045018.001,6.0,9,9,33506,0.033506,9
638012,1788045024.0,5.999000072479248,12,12,44674,0.044674,12
638013,1788045030.001,6.000999927520752,4,4,14892,0.014892,4
638014,1788045036.0,5.999000072479248,14,14,52101,0.052101,14
638015,1788045042.0,6.0,12,12,44674,0.044674,12
638016,1788045048.0,6.0,11,11,40950,0.040950,11
638017,1788045054.0,6.0,8,8,29768,0.029768,8
638018,1788045060.0,6.0,12,12,44668,0.044668,12
638019,1788045066.0,6.0,14,14,52118,0.052118,14
638020,1788045072.0,6.0,4,4,14890,0.014890,4
638021,1788045078.001,6.000999927520752,20,20,74658,0.074658,20
638022,1788045084.0,5.999000072479248,4,4,14892,0.014892,4
638023,1788045090.001,6.000999927520752,14,14,52120,0.052120,14
638024,1788045096.0,5.999000072479248,4,4,14891,0.014891,4
638025,1788045102.0,6.0,19,19,70712,0.070712,19
638026,1788045108.0,6.0,6,6,22337,0.022337,6
638027,1788045114.001,6.000999927520752,12,12,44674,0.044674,12
638028,1788045120.0,5.999000072479248,4,4,14891,0.014891,4
638029,1788045126.0,6.0,10,10,37427,0.037427,10
638030,1788045132.001,6.000999927520752,18,18,67008,0.067008,18
638031,1788045138.0,5.999000072479248,9,9,33505,0.033505,9
638032,1788045144.0,6.0,8,8,29777,0.029777,8
638033,1788045150.001,6.000999927520752,13,13,48601,0.048601,13
638034,1788045156.001,6.0,12,12,44673,0.044673,12
638035,1788045162.0,5.999000072479248,13,13,48392,0.048392,13
638036,1788045168.0,6.0,4,4,14892,0.014892,4
638037,1788045174.0,6.0,13,13,48384,0.048384,13
638038,1788045180.0,6.0,13,13,48396,0.048396,13
638039,1788045186.0,6.0,11,11,40944,0.040944,11
638040,1788045192.001,6.000999927520752,7,7,26053,0.026053,7
638041,1788045198.0,5.999000072479248,16,16,59776,0.059776,16
638042,1788045204.0,6.0,9,9,33506,0.033506,9
638043,1788045210.0,6.0,12,12,44667,0.044667,12
638044,1788045216.0,6.0,4,4,14886,0.014886,4
638045,1788045222.0,6.0,17,17,63279,0.063279,17
638046,1788045228.001,6.000999927520752,8,8,29783,0.029783,8
638047,1788045234.0,5.999000072479248,12,12,44660,0.044660,12
638048,1788045240.0,6.0,11,11,40945,0.040945,11
638049,1788045246.0,6.0,9,9,33498,0.033498,9
638050,1788045252.0,6.0,11,11,40946,0.040946,11
638051,1788045258.0,6.0,16,16,59561,0.059561,16
638052,1788045264.0,6.0,7,7,26060,0.026060,7
638053,1788045270.0,6.0,10,10,37220,0.037220,10
638054,1788045276.0,6.0,14,14,52113,0.052113,14
638055,1788045282.0,6.0,12,12,44668,0.044668,12
638056,1788045288.001,6.000999927520752,12,12,44676,0.044676,12
638057,1788045294.001,6.0,3,3,11168,0.011168,3
638058,1788045300.0,5.999000072479248,17,17,63272,0.063272,17
638059,1788045306.0,6.0,11,11,40945,0.040945,11
638060,1788045312.001,6.000999927520752,9,9,33504,0.033504,9
638061,1788045318.0,5.999000072479248,8,8,29776,0.029776,8
638062,1788045324.001,6.000999927520752,12,12,44885,0.044885,12
638063,1788045330.0,5.999000072479248,17,17,63281,0.063281,17
638064,1788045336.0,6.0,3,3,11168,0.011168,3
638065,1788045342.0,6.0,17,17,63275,0.063275,17
638066,1788045348.0,6.0,5,5,18613,0.018613,5
638067,1788045354.0,6.0,10,10,37218,0.037218,10
638068,1788045360.001,6.000999927520752,12,12,44671,0.044671,12
638069,1788045366.0,5.999000072479248,14,14,52108,0.052108,14
638070,1788045372.0,6.0,9,9,33506,0.033506,9
638071,1788045378.0,6.0,13,13,48607,0.048607,13
638072,1788045384.0,6.0,2,2,7446,0.007446,2
638073,1788045390.001,6.000999927520752,17,17,63276,0.063276,17
638074,1788045396.001,6.0,10,10,37227,0.037227,10
638075,1788045402.0,5.999000072479248,10,10,37221,0.037221,10
638076,1788045408.001,6.000999927520752,6,6,22330,0.022330,6
638077,1788045414.001,6.0,16,16,59560,0.059560,16
638078,1788045420.0,5.999000072479248,10,10,37228,0.037228,10
638079,1788045426.001,6.000999927520752,11,11,40946,0.040946,11
638080,1788045432.0,5.999000072479248,4,4,14891,0.014891,4
638081,1788045438.0,6.0,18,18,67001,0.067001,18
638082,1788045444.001,6.000999927520752,10,10,37221,0.037221,10
638083,1788045450.001,6.0,10,10,37228,0.037228,10
638084,1788045456.0,5.999000072479248,8,8,29771,0.029771,8
638085,1788045462.0,6.0,12,12,44673,0.044673,12
638086,1788045468.0,6.0,17,17,63499,0.063499,17
638087,1788045474.0,6.0,2,2,7445,0.007445,2
638088,1788045480.001,6.000999927520752,16,16,59551,0.059551,16
638089,1788045486.0,5.999000072479248,3,3,11169,0.011169,3
638090,1788045492.0,6.0,11,11,40940,0.040940,11
638091,1788045498.0,6.0,17,17,63277,0.063277,17
638092,1788045504.0,6.0,9,9,33507,0.033507,9
638093,1788045510.0,6.0,6,6,22335,0.022335,6
638094,1788045516.0,6.0,13,13,48607,0.048607,13
638095,1788045522.0,6.0,12,12,44879,0.044879,12
638096,1788045528.0,6.0,12,12,44673,0.044673,12
638097,1788045534.0,6.0,8,8,29783,0.029783,8
638098,1788045540.0,6.0,10,10,37222,0.037222,10
638099,1788045546.0,6.0,14,14,52323,0.052323,14
638100,1788045552.0,6.0,13,13,48396,0.048396,13
638101,1788045558.0,6.0,6,6,22338,0.022338,6
638102,1788045564.0,6.0,11,11,41156,0.041156,11
638103,1788045570.001,6.000999927520752,16,16,59550,0.059550,16
638104,1788045576.001,6.0,8,8,29782,0.029782,8
638105,1788045582.0,5.999000072479248,11,11,40950,0.040950,11
638106,1788045588.0,6.0,7,7,26053,0.026053,7
638107,1788045594.001,6.000999927520752,14,14,52104,0.052104,14
