label,shielded_address
w001,mn_shield-addr_preview1y35sga65ztjljxjwfd59vvm34fuvu5p9jt79a9530ceh4lnpqw5ewc3e5f75hm4zuljgrvzfnlf830tpnvvalx7pm2za4mcefgy99tqcgl8hz
w002,mn_shield-addr_preview1c0vt49cstyyyddm8szmp5w7n2s36wvss2knd7k5w6y47dlwzn5nhq6ua5q0cvss5rp8m79thznjy4yut4fsctt0s4ahpmruxspe4sxqxjge56
w003,mn_shield-addr_preview152yy66pc9f8807zl4ze5x6kjy98nyy7xjcct3xvs820q2vc5ar59d82dxzazw2scjuyvkjwc3ssd7recs67mejp0hnd7yumzddv30mcwqvvev
w004,mn_shield-addr_preview1vtuhjcjr2e9p5ccujn7jwkt03h7x7mg5ugj8j33ndwwwn57pdgjpweusqsp4xnm76rwf4h7gqqr9z6h4vnhmcgwzdfdf3yaswlgct3cwp79x2
w005,mn_shield-addr_preview1y08matndj42vp2djalhf95x089z6whjccnguqxkjh08sl49yfrasuqz05pvwzl9e7fgvdw2famsa3gm7sy4dse62cq67erppsrx03wc9z42t7
w006,mn_shield-addr_preview1kpxrcsszy592p0f59mdkasuytaplthg696d3u4p63jvapyl57et8hl2m7y00xh6au6wtey6kqktkdug045u6d6znwd5zgfkdyg5t8jg93jymy
w007,mn_shield-addr_preview1xz6fdr2864jqyz3tjyzkfpc5w4rtyfgtufncwepxe8ntd8hh0rv7h87f37t4fm65jzmcdfx3st8zk77dukppp5x76m03kjvrnvfahrcvcr9f9
w008,mn_shield-addr_preview12qpdg4qawaa0kwv560j8k02tegkc4ky2cy7j55u9mqynd2nd7vc869xjrcln25zy0sngldrjxmf8dpdqa5eqm07wsltzrsjurduljys6zkva0
w009,mn_shield-addr_preview1s63mtsjegghqt2yrya660ra6wqdm9valanedcpc6pvrfrlu8sj5gmxer45apum5xr80shpvz4ve7nn2ehcxal2dv4ee5ph7fs0rjn2qtrq0ld
w010,mn_shield-addr_preview1ju0y46xxum8edhvepqw9hlqr0m639zvmg2pa7qstl42nphrvxx3jmwyx8nedt86kc8ygh6gh3fuhmdzls9wl24l33mzk2fmlu0lq3kqqe7lfs
w011,mn_shield-addr_preview19yp7jre9pvf4lcw063wsvwexnn33209mjlyjl5kqce5c3exue8el6neutn7up7q8klezza0xhnfwllzqdarl7lqm7q3xk3f5p74kq3clwzq4k
w012,mn_shield-addr_preview1095w5z8pv76680fgh53jtv9xq6ppztvl3yx0qrv78g8yyk9dq3fqa538n5um0mwhfeln9vr56u4ndfyyydkmw5aynyvcug40ps6mz8ggg4e76
w013,mn_shield-addr_preview17f3dutjn6lerff9efq20f4c5a27hc5swvmkqmqg6zmy0ynu3xv949zfmdw953a86ruypn7xmh7m8nsnvr662zrf9smf3ntdf5a3kpsgnpwv8j
w014,mn_shield-addr_preview1fkcpv2znzrus6k94zep7uqeawc75856ddk5jur74gsqp4hqpxhuck5uudwzdhwayfw70xeh7jsyjmq3e0lulv3csjcx6pzd0ghptyfgvalkvr
w015,mn_shield-addr_preview1ywd8lenuft2hspnnsdjyu7hmsn4te9n09l2vy4v3rg2duj0rfg9fz4u8zxq642c3lv8ez0fvpvqn8cvghe26sj26f49u925t63qs7wg6henj0
w016,mn_shield-addr_preview1eheesssdj7edum502894pewz2da30acq8gyqjew24dn3jnv3vgkacpu5wq8tlvdqqu6cn9zgk9es85ur3g2jrzk75nx2dwwtve2gm0qutdnxp
w017,mn_shield-addr_preview1tp8qwufgeyalest9u7hh6u9c2msrv4g89209trj6fpusarn77rmxkzgnl8a5zkysf8cpvs4ly9327nncw5wlytl6uly5ug43c07tmqg38gpre
w018,mn_shield-addr_preview13nlst4g5lyexnx2nd87t824ulghhetc5xcy9g3yzvrtk438p7u8drskawj0zhgfxw9md26mqr6rzs4q4fml2ru6jk8w7zh25g4s40wgdzrsjf
w019,mn_shield-addr_preview15teqfz0zzky7yev83n2cuk8smx7jdhvuuq0h22ttpyear3r5efd40svtttrvzrcuzvk2zh47xx9xgmc3x4nr7wxa4pl09s9sq8q4kkgapkz38
w020,mn_shield-addr_preview1p4sxmn8cvt6hx9lzg7r9t5maa6qf4cvzwdqqtnhu94mnn5y5jnwlvq7pdjfgamv77fhwj2kv2fpn6ru4d6ps2g94kanwpdw9lwqcp0geahfn5
w021,mn_shield-addr_preview1pfkyr0vhq7qjzy4ynqsf3y044kjynquxg5cf8wdwhqj0wamqrh7rvx8j84wwayr5ysnuxrycxtfdyx4eph3qwntt2m3f9qvxxgx7hyqv6d7gm
w022,mn_shield-addr_preview1v7sx6fmy7n334juvwruwr60nhs0x76hrvwc4verrfg6aswrdpp8ff3epwm28kvpyvs0l49ku4a0y7pegughh0sq5nja5fyxuvx0zgcs6fm4zp
w023,mn_shield-addr_preview14578umpqqcmtgqpuydj3ugsutl7x3ewy4670gxd6qfdxeelg3jcsnp7qtz05cq4kc0rduzxzcxhjpvzckqwft4hkjp32u2daeum3m6g3w6k4v
w024,mn_shield-addr_preview1rjdq5cer3lxg5gzud4gwrymuad22ecgtenfp25wqxecpt5806v5as7j8sp4dv4jv4tmezve5jrk7u7kgyc04es72g5kvmgakfrkt7jglhw9fp
